Holding_Period_Bucket,Stocks_Count,Start_Holding_Days,End_Holding_Days,Avg_Holding_Days,Avg_Return_Pct
Q1 (Shortest Holding),38,56.2,108.0,73.99736842105263,-9.50736842105263
Q2,38,109.4,235.5,162.91315789473683,-6.946315789473684
Q3,38,239.0,418.3,328.12894736842105,44.5771052631579
Q4 (Longest Holding),37,423.0,2745.3,845.9567567567568,121.69162162162162
