Holding_Period_Bucket,Stocks_Count,Start_Holding_Days,End_Holding_Days,Avg_Holding_Days,Avg_Return_Pct
Q1 (Shortest Holding),30,59.0,281.5,177.94666666666666,-2.472
Q2,30,283.2,394.0,350.7566666666667,22.062
Q3,30,394.1,486.0,423.90999999999997,62.83633333333333
Q4 (Longest Holding),30,499.9,1676.2,766.6133333333333,40.63133333333334
