Holding_Period_Bucket,Stocks_Count,Start_Holding_Days,End_Holding_Days,Avg_Holding_Days,Avg_Return_Pct
Q1 (Shortest Holding),28,58.0,308.8,164.74642857142857,-15.156071428571428
Q2,28,320.3,394.7,372.5285714285714,28.632499999999997
Q3,28,395.0,485.0,432.16785714285714,52.9125
Q4 (Longest Holding),28,489.1,1696.7,769.3214285714286,64.03892857142857
